Country,WHOREGION,FLUREGION,Year,Week,SDATE,EDATE,SPEC_RECEIVED_NB,SPEC_PROCESSED_NB,AH1,AH1N12009,AH3,AH5,ANOTSUBTYPED,INF_A,BYAMAGATA,BVICTORIA,BNOTDETERMINED,INF_B,ALL_INF,ALL_INF2,TITLE
United States of America,Region of the Americas of WHO,North America,2009,1,12/29/2008,1/4/2009,6613,6613,111,,19,,177,307,,,50,50,357,,Sporadic
United States of America,Region of the Americas of WHO,North America,2009,2,1/5/2009,1/11/2009,6980,6980,163,,27,,300,490,,,78,78,568,,Sporadic
United States of America,Region of the Americas of WHO,North America,2009,3,1/12/2009,1/18/2009,7024,7024,195,,22,,421,638,,,104,104,742,,Sporadic
United States of America,Region of the Americas of WHO,North America,2009,4,1/19/2009,1/25/2009,7959,7959,353,,46,,666,1065,,,189,189,1254,,Local Outbreak
United States of America,Region of the Americas of WHO,North America,2009,5,1/26/2009,2/1/2009,9496,9496,555,,78,,940,1573,,,380,380,1953,,Regional Outbreak
United States of America,Region of the Americas of WHO,North America,2009,6,2/2/2009,2/8/2009,11750,11750,671,,52,,1386,2109,,,688,688,2797,,Widespread Outbreak
United States of America,Region of the Americas of WHO,North America,2009,7,2/9/2009,2/15/2009,12716,12716,823,,66,,1361,2250,,,945,945,3195,,Widespread Outbreak
United States of America,Region of the Americas of WHO,North America,2009,8,2/16/2009,2/22/2009,11801,11801,840,,70,,1065,1975,,,931,931,2906,,Widespread Outbreak
United States of America,Region of the Americas of WHO,North America,2009,9,2/23/2009,3/1/2009,11983,11983,700,,57,,1011,1768,,,1147,1147,2915,,Widespread Outbreak
United States of America,Region of the Americas of WHO,North America,2009,10,3/2/2009,3/8/2009,11020,11020,533,,65,,896,1494,,,1158,1158,2652,,Widespread Outbreak
United States of America,Region of the Americas of WHO,North America,2009,11,3/9/2009,3/15/2009,9679,9679,386,,67,,635,1088,,,1062,1062,2150,,Widespread Outbreak
United States of America,Region of the Americas of WHO,North America,2009,12,3/16/2009,3/22/2009,8726,8726,355,,62,,439,856,,,926,926,1782,,Regional Outbreak
United States of America,Region of the Americas of WHO,North America,2009,13,3/23/2009,3/29/2009,7425,7425,269,,45,,293,607,,,636,636,1243,,Local Outbreak
United States of America,Region of the Americas of WHO,North America,2009,14,3/30/2009,4/5/2009,5835,5835,121,,27,,180,328,,,471,471,799,,Local Outbreak
United States of America,Region of the Americas of WHO,North America,2009,15,4/6/2009,4/12/2009,5171,5171,102,1,37,,130,270,,,283,283,553,,Local Outbreak
United States of America,Region of the Americas of WHO,North America,2009,16,4/13/2009,4/19/2009,4713,4713,39,1,29,,84,153,,,186,186,339,,Sporadic
United States of America,Region of the Americas of WHO,North America,2009,17,4/20/2009,4/26/2009,4197,4197,41,18,33,,77,169,,,113,113,282,,No Report
United States of America,Region of the Americas of WHO,North America,2009,18,4/27/2009,5/3/2009,35381,35381,669,1493,851,,489,3502,,,787,787,4289,,Regional Outbreak
United States of America,Region of the Americas of WHO,North America,2009,19,5/4/2009,5/10/2009,33653,33653,491,2518,709,,713,4431,,,490,490,4921,,Regional Outbreak
United States of America,Region of the Americas of WHO,North America,2009,20,5/11/2009,5/17/2009,16456,16456,145,1785,259,,626,2815,,,134,134,2949,,Local Outbreak
United States of America,Region of the Americas of WHO,North America,2009,21,5/18/2009,5/24/2009,15035,15035,72,2673,260,,777,3782,,,93,93,3875,,Local Outbreak
United States of America,Region of the Americas of WHO,North America,2009,22,5/25/2009,5/31/2009,12971,12971,32,2840,258,,962,4092,,,42,42,4134,,Regional Outbreak
United States of America,Region of the Americas of WHO,North America,2009,23,6/1/2009,6/7/2009,13036,13036,27,3646,425,,873,4971,,,26,26,4997,,No Report
United States of America,Region of the Americas of WHO,North America,2009,24,6/8/2009,6/14/2009,13284,13284,29,3922,261,,1195,5407,,,15,15,5422,,No Report
United States of America,Region of the Americas of WHO,North America,2009,25,6/15/2009,6/21/2009,13847,13847,15,4395,216,,1288,5914,,,9,9,5923,,Local Outbreak
United States of America,Region of the Americas of WHO,North America,2009,26,6/22/2009,6/28/2009,11940,11940,9,3166,72,,998,4245,,,7,7,4252,,Local Outbreak
United States of America,Region of the Americas of WHO,North America,2009,27,6/29/2009,7/5/2009,10510,10510,81,2389,38,,748,3256,,,7,7,3263,,Sporadic
United States of America,Region of the Americas of WHO,North America,2009,28,7/6/2009,7/12/2009,10271,10271,1,2590,41,,616,3248,,,7,7,3255,,Sporadic
United States of America,Region of the Americas of WHO,North America,2009,29,7/13/2009,7/19/2009,9520,9520,11,2087,28,,511,2637,,,4,4,2641,,Sporadic
United States of America,Region of the Americas of WHO,North America,2009,30,7/20/2009,7/26/2009,8323,8323,19,1856,15,,406,2296,,,3,3,2299,,Sporadic
United States of America,Region of the Americas of WHO,North America,2009,31,7/27/2009,8/2/2009,8851,8851,25,1879,11,,794,2709,,,4,4,2713,,Sporadic
United States of America,Region of the Americas of WHO,North America,2009,32,8/3/2009,8/9/2009,7896,7896,17,1298,7,,489,1811,,,3,3,1814,,Sporadic
United States of America,Region of the Americas of WHO,North America,2009,33,8/10/2009,8/16/2009,7988,7988,4,1265,8,,436,1713,,,5,5,1718,,Sporadic
United States of America,Region of the Americas of WHO,North America,2009,34,8/17/2009,8/23/2009,9135,9135,2,1600,16,,484,2102,,,1,1,2103,,Local Outbreak
United States of America,Region of the Americas of WHO,North America,2009,35,8/24/2009,8/30/2009,10937,10937,8,1383,12,,728,2131,,,14,14,2145,,Local Outbreak
United States of America,Region of the Americas of WHO,North America,2009,36,8/31/2009,9/6/2009,14443,14443,2,1884,13,0,1087,2986,0,0,4,4,2990,,Regional Outbreak
United States of America,Region of the Americas of WHO,North America,2009,37,9/7/2009,9/13/2009,16842,16842,1,2294,6,0,1462,3763,0,0,11,11,3774,,Widespread Outbreak
United States of America,Region of the Americas of WHO,North America,2009,38,9/14/2009,9/20/2009,18726,18726,5,2617,3,0,1707,4332,0,0,5,5,4337,,Widespread Outbreak
United States of America,Region of the Americas of WHO,North America,2009,39,9/21/2009,9/27/2009,19498,19498,4,2858,6,0,1724,4592,0,0,18,18,4610,,Widespread Outbreak
United States of America,Region of the Americas of WHO,North America,2009,40,9/28/2009,10/4/2009,20564,20564,4,3847,7,0,1863,5721,0,0,17,17,5738,,Widespread Outbreak
United States of America,Region of the Americas of WHO,North America,2009,41,10/5/2009,10/11/2009,24567,24567,1,6121,2,0,2046,8170,0,0,19,19,8189,,Widespread Outbreak
United States of America,Region of the Americas of WHO,North America,2009,42,10/12/2009,10/18/2009,29035,29035,2,8627,0,0,2211,10840,0,0,18,18,10858,,Widespread Outbreak
United States of America,Region of the Americas of WHO,North America,2009,43,10/19/2009,10/25/2009,31866,31866,2,9735,2,0,2342,12081,0,0,30,30,12111,,Widespread Outbreak
United States of America,Region of the Americas of WHO,North America,2009,44,10/26/2009,11/1/2009,27992,27992,1,7738,2,0,2010,9751,0,0,19,19,9770,,Widespread Outbreak
United States of America,Region of the Americas of WHO,North America,2009,45,11/2/2009,11/8/2009,24861,24861,3,6081,3,0,1464,7551,0,0,30,30,7581,,Widespread Outbreak
United States of America,Region of the Americas of WHO,North America,2009,46,11/9/2009,11/15/2009,21720,21720,1,4629,1,0,1157,5788,0,0,9,9,5797,,Widespread Outbreak
United States of America,Region of the Americas of WHO,North America,2009,47,11/16/2009,11/22/2009,18198,18198,1,2715,0,0,725,3441,0,0,13,13,3454,,Widespread Outbreak
United States of America,Region of the Americas of WHO,North America,2009,48,11/23/2009,11/29/2009,13199,13199,1,1408,3,0,448,1860,0,0,7,7,1867,,Widespread Outbreak
United States of America,Region of the Americas of WHO,North America,2009,49,11/30/2009,12/6/2009,12978,12978,1,997,0,0,316,1314,0,0,9,9,1323,,Regional Outbreak
United States of America,Region of the Americas of WHO,North America,2009,50,12/7/2009,12/13/2009,11195,11195,1,610,3,0,185,799,0,0,3,3,802,,Regional Outbreak
United States of America,Region of the Americas of WHO,North America,2009,51,12/14/2009,12/20/2009,10473,10473,0,480,3,0,172,655,0,0,6,6,661,,Local Outbreak
United States of America,Region of the Americas of WHO,North America,2009,52,12/21/2009,12/27/2009,8437,8437,3,251,0,0,135,389,0,0,3,3,392,,Regional Outbreak
United States of America,Region of the Americas of WHO,North America,2009,53,12/28/2009,1/3/2010,9454,9454,0,285,1,0,134,420,0,0,8,8,428,,Regional Outbreak
United States of America,Region of the Americas of WHO,North America,2010,1,1/4/2010,1/10/2010,9600,9600,0,266,0,0,92,358,0,0,8,8,366,,Local Outbreak
United States of America,Region of the Americas of WHO,North America,2010,2,1/11/2010,1/17/2010,8678,8678,1,261,2,0,120,384,0,0,12,12,396,,Local Outbreak
United States of America,Region of the Americas of WHO,North America,2010,3,1/18/2010,1/24/2010,8626,8626,0,317,1,0,126,444,0,0,3,3,447,,Local Outbreak
United States of America,Region of the Americas of WHO,North America,2010,4,1/25/2010,1/31/2010,8622,8622,0,268,3,0,122,393,0,0,9,9,402,,Sporadic
United States of America,Region of the Americas of WHO,North America,2010,5,2/1/2010,2/7/2010,8485,8485,0,290,0,0,108,398,0,0,6,6,404,,Local Outbreak
United States of America,Region of the Americas of WHO,North America,2010,6,2/8/2010,2/14/2010,8270,8270,0,238,0,0,114,352,0,0,9,9,361,,Local Outbreak
United States of America,Region of the Americas of WHO,North America,2010,7,2/15/2010,2/21/2010,8463,8463,0,260,0,0,114,374,0,0,6,6,380,,Local Outbreak
United States of America,Region of the Americas of WHO,North America,2010,8,2/22/2010,2/28/2010,8106,8106,0,316,1,0,104,421,0,0,3,3,424,,Local Outbreak
United States of America,Region of the Americas of WHO,North America,2010,9,3/1/2010,3/7/2010,7620,7620,0,338,0,0,102,440,0,0,5,5,445,,Local Outbreak
United States of America,Region of the Americas of WHO,North America,2010,10,3/8/2010,3/14/2010,7525,7525,0,359,0,0,102,461,0,0,14,14,475,,Local Outbreak
United States of America,Region of the Americas of WHO,North America,2010,11,3/15/2010,3/21/2010,6500,6500,0,259,1,0,87,347,0,0,4,4,351,,Local Outbreak
United States of America,Region of the Americas of WHO,North America,2010,12,3/22/2010,3/28/2010,5645,5645,0,178,1,0,58,237,0,0,9,9,246,,Local Outbreak
United States of America,Region of the Americas of WHO,North America,2010,13,3/29/2010,4/4/2010,5285,5285,0,167,1,0,64,232,0,0,5,5,237,,Sporadic
United States of America,Region of the Americas of WHO,North America,2010,14,4/5/2010,4/11/2010,4567,4567,0,96,1,0,30,127,0,0,0,0,127,,Sporadic
United States of America,Region of the Americas of WHO,North America,2010,15,4/12/2010,4/18/2010,3993,3993,0,56,1,0,20,77,0,0,2,2,79,,Sporadic
United States of America,Region of the Americas of WHO,North America,2010,16,4/19/2010,4/25/2010,3816,3816,0,17,2,0,27,46,0,0,6,6,52,,Sporadic
United States of America,Region of the Americas of WHO,North America,2010,17,4/26/2010,5/2/2010,3754,3754,0,16,0,0,13,29,0,0,8,8,37,,Sporadic
United States of America,Region of the Americas of WHO,North America,2010,18,5/3/2010,5/9/2010,3142,3142,0,20,1,0,9,30,0,0,1,1,31,,Sporadic
United States of America,Region of the Americas of WHO,North America,2010,19,5/10/2010,5/16/2010,2845,2845,0,6,2,0,15,23,0,0,3,3,26,,Sporadic
United States of America,Region of the Americas of WHO,North America,2010,20,5/17/2010,5/23/2010,2921,2921,0,7,1,0,7,15,0,0,3,3,18,,Sporadic
United States of America,Region of the Americas of WHO,North America,2010,21,5/24/2010,5/30/2010,2711,2711,0,0,0,0,6,6,0,0,2,2,8,,Sporadic
United States of America,Region of the Americas of WHO,North America,2010,22,5/31/2010,6/6/2010,2196,2196,0,3,0,0,3,6,0,0,2,2,8,,Sporadic
United States of America,Region of the Americas of WHO,North America,2010,23,6/7/2010,6/13/2010,2190,2190,0,1,1,0,3,5,0,0,3,3,8,,Sporadic
United States of America,Region of the Americas of WHO,North America,2010,24,6/14/2010,6/20/2010,2077,2077,0,1,4,0,2,7,0,0,4,4,11,,Sporadic
United States of America,Region of the Americas of WHO,North America,2010,25,6/21/2010,6/27/2010,1975,1975,0,3,4,0,4,11,0,0,0,0,11,,Sporadic
United States of America,Region of the Americas of WHO,North America,2010,26,6/28/2010,7/4/2010,1846,1846,0,1,1,0,4,6,0,0,1,1,7,,Sporadic
United States of America,Region of the Americas of WHO,North America,2010,27,7/5/2010,7/11/2010,1623,1623,0,0,3,0,1,4,0,0,0,0,4,,Sporadic
United States of America,Region of the Americas of WHO,North America,2010,28,7/12/2010,7/18/2010,1634,1634,0,1,6,0,1,8,0,0,2,2,10,,Sporadic
United States of America,Region of the Americas of WHO,North America,2010,29,7/19/2010,7/25/2010,1589,1589,0,2,2,0,4,8,0,0,4,4,12,,Sporadic
United States of America,Region of the Americas of WHO,North America,2010,30,7/26/2010,8/1/2010,1706,1760,0,1,13,0,5,19,0,0,5,5,24,,Sporadic
United States of America,Region of the Americas of WHO,North America,2010,31,8/2/2010,8/8/2010,1559,1559,0,4,9,0,4,17,0,0,2,2,19,,Sporadic
United States of America,Region of the Americas of WHO,North America,2010,32,8/9/2010,8/15/2010,1702,1702,0,7,10,0,5,22,0,0,10,10,32,,Sporadic
United States of America,Region of the Americas of WHO,North America,2010,33,8/16/2010,8/22/2010,1816,1816,0,5,11,0,2,18,0,0,3,3,21,,Sporadic
United States of America,Region of the Americas of WHO,North America,2010,34,8/23/2010,8/29/2010,2001,2001,0,10,17,0,10,37,0,0,8,8,45,,Sporadic
United States of America,Region of the Americas of WHO,North America,2010,35,8/30/2010,9/5/2010,2282,2282,0,7,11,0,10,28,0,0,6,6,34,,Sporadic
United States of America,Region of the Americas of WHO,North America,2010,36,9/6/2010,9/12/2010,2397,2397,0,9,16,0,14,39,0,0,7,7,46,,Sporadic
United States of America,Region of the Americas of WHO,North America,2010,37,9/13/2010,9/19/2010,2769,2769,0,5,30,0,15,50,0,0,14,14,64,,Sporadic
United States of America,Region of the Americas of WHO,North America,2010,38,9/20/2010,9/26/2010,2870,2870,0,0,28,0,18,46,0,0,21,21,67,,Sporadic
United States of America,Region of the Americas of WHO,North America,2010,39,9/27/2010,10/3/2010,3063,3063,0,2,17,0,23,42,0,0,20,20,62,,Sporadic
United States of America,Region of the Americas of WHO,North America,2010,40,10/4/2010,10/10/2010,3724,3724,0,7,17,0,30,54,0,0,23,23,77,,Sporadic
United States of America,Region of the Americas of WHO,North America,2010,41,10/11/2010,10/17/2010,4100,4100,0,13,36,0,43,92,0,0,36,36,128,,Sporadic
United States of America,Region of the Americas of WHO,North America,2010,42,10/18/2010,10/24/2010,4239,4239,0,8,35,0,53,96,0,0,45,45,141,,Sporadic
United States of America,Region of the Americas of WHO,North America,2010,43,10/25/2010,10/31/2010,4351,4351,0,13,55,0,47,115,0,0,53,53,168,,Sporadic
United States of America,Region of the Americas of WHO,North America,2010,44,11/1/2010,11/7/2010,4734,4734,0,12,61,0,68,141,0,0,106,106,247,,Sporadic
United States of America,Region of the Americas of WHO,North America,2010,45,11/8/2010,11/14/2010,5553,5553,0,15,78,0,95,188,0,0,164,164,352,,Sporadic
United States of America,Region of the Americas of WHO,North America,2010,46,11/15/2010,11/21/2010,5766,5766,0,23,121,0,109,253,0,0,238,238,491,,Sporadic
United States of America,Region of the Americas of WHO,North America,2010,47,11/22/2010,11/28/2010,5650,5650,0,11,153,0,158,322,0,0,266,266,588,,Local Outbreak
United States of America,Region of the Americas of WHO,North America,2010,48,11/29/2010,12/5/2010,6187,6187,0,34,181,0,133,348,0,0,261,261,609,,Sporadic
United States of America,Region of the Americas of WHO,North America,2010,49,12/6/2010,12/12/2010,6341,6341,0,46,356,0,131,533,0,0,310,310,843,,Sporadic
United States of America,Region of the Americas of WHO,North America,2010,50,12/13/2010,12/19/2010,7564,7564,0,83,547,0,278,908,0,0,530,530,1438,,Local Outbreak
United States of America,Region of the Americas of WHO,North America,2010,51,12/20/2010,12/26/2010,8000,8000,0,98,782,0,447,1327,0,0,671,671,1998,,Local Outbreak
United States of America,Region of the Americas of WHO,North America,2010,52,12/27/2010,1/2/2011,9088,9088,0,190,994,0,536,1720,0,0,655,655,2375,,Regional Outbreak
United States of America,Region of the Americas of WHO,North America,2011,1,1/3/2011,1/9/2011,10510,10510,0,328,1147,0,595,2070,0,0,575,575,2645,,Local Outbreak
United States of America,Region of the Americas of WHO,North America,2011,2,1/10/2011,1/16/2011,10251,10251,0,546,1194,0,689,2429,0,0,598,598,3027,,Local Outbreak
United States of America,Region of the Americas of WHO,North America,2011,3,1/17/2011,1/23/2011,11113,11113,0,816,1417,0,754,2987,0,0,737,737,3724,,Regional Outbreak
United States of America,Region of the Americas of WHO,North America,2011,4,1/24/2011,1/30/2011,12929,12929,0,1040,1481,0,953,3474,0,0,965,965,4439,,Widespread Outbreak
United States of America,Region of the Americas of WHO,North America,2011,5,1/31/2011,2/6/2011,13860,13860,0,1193,1449,0,1143,3785,0,0,1134,1134,4919,,Widespread Outbreak
United States of America,Region of the Americas of WHO,North America,2011,6,2/7/2011,2/13/2011,14670,14670,0,1235,1462,0,1206,3903,0,0,1183,1183,5086,,Widespread Outbreak
United States of America,Region of the Americas of WHO,North America,2011,7,2/14/2011,2/20/2011,16411,16411,0,1397,1531,0,1447,4375,0,0,1368,1368,5743,,Widespread Outbreak
United States of America,Region of the Americas of WHO,North America,2011,8,2/21/2011,2/27/2011,14466,14466,0,1138,1210,0,1048,3396,0,0,1203,1203,4599,,Widespread Outbreak
United States of America,Region of the Americas of WHO,North America,2011,9,2/28/2011,3/6/2011,12923,12923,0,939,969,0,765,2673,0,0,893,893,3566,,Widespread Outbreak
United States of America,Region of the Americas of WHO,North America,2011,10,3/7/2011,3/13/2011,11377,11377,0,664,798,0,517,1979,0,0,688,688,2667,,Widespread Outbreak
United States of America,Region of the Americas of WHO,North America,2011,11,3/14/2011,3/20/2011,9644,9644,0,435,580,0,380,1395,0,0,555,555,1950,,Regional Outbreak
United States of America,Region of the Americas of WHO,North America,2011,12,3/21/2011,3/27/2011,8378,8378,0,259,415,0,275,949,0,0,407,407,1356,,Local Outbreak
United States of America,Region of the Americas of WHO,North America,2011,13,3/28/2011,4/3/2011,6971,6971,0,161,263,0,174,598,0,0,285,285,883,,Sporadic
United States of America,Region of the Americas of WHO,North America,2011,14,4/4/2011,4/10/2011,6398,6398,0,87,197,0,93,377,0,0,252,252,629,,Sporadic
United States of America,Region of the Americas of WHO,North America,2011,15,4/11/2011,4/17/2011,5331,5331,0,46,140,0,58,244,0,0,149,149,393,,Sporadic
United States of America,Region of the Americas of WHO,North America,2011,16,4/18/2011,4/24/2011,4403,4403,0,30,56,0,28,114,0,0,79,79,193,,Sporadic
United States of America,Region of the Americas of WHO,North America,2011,17,4/25/2011,5/1/2011,3745,3745,0,9,26,0,29,64,0,0,61,61,125,,Sporadic
United States of America,Region of the Americas of WHO,North America,2011,18,5/2/2011,5/8/2011,3255,3255,0,11,18,0,10,39,0,0,23,23,62,,Sporadic
United States of America,Region of the Americas of WHO,North America,2011,19,5/9/2011,5/15/2011,3009,3009,0,2,11,0,11,24,0,0,14,14,38,,Sporadic
United States of America,Region of the Americas of WHO,North America,2011,20,5/16/2011,5/22/2011,2645,2645,0,0,5,0,4,9,0,0,10,10,19,,Sporadic
United States of America,Region of the Americas of WHO,North America,2011,21,5/23/2011,5/29/2011,2374,2374,0,2,4,0,6,12,0,0,4,4,16,,Sporadic
United States of America,Region of the Americas of WHO,North America,2011,22,5/30/2011,6/5/2011,2085,2085,0,1,0,0,6,7,0,0,5,5,12,,Sporadic
United States of America,Region of the Americas of WHO,North America,2011,23,6/6/2011,6/12/2011,1911,1911,0,0,0,0,1,1,0,0,4,4,5,,Sporadic
United States of America,Region of the Americas of WHO,North America,2011,24,6/13/2011,6/19/2011,1798,1798,0,2,1,0,6,9,0,0,0,0,9,,Sporadic
United States of America,Region of the Americas of WHO,North America,2011,25,6/20/2011,6/26/2011,1701,1701,0,0,0,0,0,0,0,0,2,2,2,,Sporadic
United States of America,Region of the Americas of WHO,North America,2011,26,6/27/2011,7/3/2011,1354,1354,0,2,0,0,1,3,0,0,1,1,4,,Sporadic
United States of America,Region of the Americas of WHO,North America,2011,27,7/4/2011,7/10/2011,1317,1317,0,2,1,0,1,4,0,0,1,1,5,,Sporadic
United States of America,Region of the Americas of WHO,North America,2011,28,7/11/2011,7/17/2011,1278,1278,0,0,3,0,0,3,0,0,3,3,6,,Sporadic
United States of America,Region of the Americas of WHO,North America,2011,29,7/18/2011,7/24/2011,1317,1317,0,0,3,0,0,3,0,0,5,5,8,,Sporadic
United States of America,Region of the Americas of WHO,North America,2011,30,7/25/2011,7/31/2011,1145,1145,0,0,0,0,2,2,0,0,1,1,3,,Sporadic
United States of America,Region of the Americas of WHO,North America,2011,31,8/1/2011,8/7/2011,1229,1229,0,3,2,0,3,8,0,0,2,2,10,,Sporadic
United States of America,Region of the Americas of WHO,North America,2011,32,8/8/2011,8/14/2011,1263,1263,0,0,3,0,6,9,0,0,2,2,11,,Sporadic
United States of America,Region of the Americas of WHO,North America,2011,33,8/15/2011,8/21/2011,1406,1406,0,2,5,0,5,12,0,0,3,3,15,,Sporadic
United States of America,Region of the Americas of WHO,North America,2011,34,8/22/2011,8/28/2011,1518,1518,0,0,5,0,6,11,0,0,5,5,16,,Sporadic
United States of America,Region of the Americas of WHO,North America,2011,35,8/29/2011,9/4/2011,1634,1634,0,2,2,0,9,13,0,0,1,1,14,,Sporadic
United States of America,Region of the Americas of WHO,North America,2011,36,9/5/2011,9/11/2011,1766,1766,0,1,3,0,7,11,0,0,2,2,13,,Sporadic
United States of America,Region of the Americas of WHO,North America,2011,37,9/12/2011,9/18/2011,1901,1901,0,0,6,0,11,17,0,0,2,2,19,,Sporadic
United States of America,Region of the Americas of WHO,North America,2011,38,9/19/2011,9/25/2011,2147,2147,0,0,4,0,9,13,0,0,7,7,20,,Sporadic
United States of America,Region of the Americas of WHO,North America,2011,39,9/26/2011,10/2/2011,2152,2152,0,1,10,0,10,21,0,0,5,5,26,,Sporadic
United States of America,Region of the Americas of WHO,North America,2011,40,10/3/2011,10/9/2011,3197,3197,0,3,14,0,7,24,0,0,9,9,33,,Sporadic
United States of America,Region of the Americas of WHO,North America,2011,41,10/10/2011,10/16/2011,3319,3319,0,0,9,0,2,11,0,0,8,8,19,,Sporadic
United States of America,Region of the Americas of WHO,North America,2011,42,10/17/2011,10/23/2011,3433,3433,0,2,10,0,8,20,0,0,8,8,28,,Sporadic
United States of America,Region of the Americas of WHO,North America,2011,43,10/24/2011,10/30/2011,3707,3707,0,0,12,0,19,31,0,0,12,12,43,,Sporadic
United States of America,Region of the Americas of WHO,North America,2011,44,10/31/2011,11/6/2011,4038,4038,0,1,17,0,11,29,0,0,9,9,38,,Sporadic
United States of America,Region of the Americas of WHO,North America,2011,45,11/7/2011,11/13/2011,4255,4255,0,2,15,0,17,34,0,0,15,15,49,,Sporadic
United States of America,Region of the Americas of WHO,North America,2011,46,11/14/2011,11/20/2011,4503,4503,0,0,15,0,17,32,0,0,11,11,43,,Sporadic
United States of America,Region of the Americas of WHO,North America,2011,47,11/21/2011,11/27/2011,4071,4071,0,3,23,0,29,55,0,0,20,20,75,,Sporadic
United States of America,Region of the Americas of WHO,North America,2011,48,11/28/2011,12/4/2011,4636,4636,0,2,32,0,22,56,0,0,17,17,73,,Sporadic
United States of America,Region of the Americas of WHO,North America,2011,49,12/5/2011,12/11/2011,4667,4667,0,5,38,0,43,86,0,0,20,20,106,,Sporadic
United States of America,Region of the Americas of WHO,North America,2011,50,12/12/2011,12/18/2011,4859,4859,0,4,78,0,28,110,0,0,19,19,129,,Sporadic
United States of America,Region of the Americas of WHO,North America,2011,51,12/19/2011,12/25/2011,4981,4981,0,7,104,0,57,168,0,0,24,24,192,,Sporadic
United States of America,Region of the Americas of WHO,North America,2011,52,12/26/2011,1/1/2012,5331,5331,0,4,107,0,47,158,0,0,17,17,175,,Local Outbreak
United States of America,Region of the Americas of WHO,North America,2012,1,1/2/2012,1/8/2012,5558,5558,0,16,101,0,38,155,0,0,22,22,177,,Sporadic
United States of America,Region of the Americas of WHO,North America,2012,2,1/9/2012,1/15/2012,5276,5276,0,31,138,0,45,214,0,0,15,15,229,,Sporadic
United States of America,Region of the Americas of WHO,North America,2012,3,1/16/2012,1/22/2012,5259,5259,0,50,195,0,50,295,0,0,17,17,312,,Sporadic
United States of America,Region of the Americas of WHO,North America,2012,4,1/23/2012,1/29/2012,5775,5775,0,84,256,0,96,436,0,0,30,30,466,,Sporadic
United States of America,Region of the Americas of WHO,North America,2012,5,1/30/2012,2/5/2012,5862,5862,0,124,365,0,128,617,0,0,41,41,658,,Local Outbreak
United States of America,Region of the Americas of WHO,North America,2012,6,2/6/2012,2/12/2012,6111,6111,0,164,419,0,159,742,0,0,55,55,797,,Local Outbreak
United States of America,Region of the Americas of WHO,North America,2012,7,2/13/2012,2/19/2012,6837,6837,0,220,506,0,255,981,0,0,69,69,1050,,Local Outbreak
United States of America,Region of the Americas of WHO,North America,2012,8,2/20/2012,2/26/2012,7110,7110,0,295,690,0,326,1311,0,0,75,75,1386,,Local Outbreak
United States of America,Region of the Americas of WHO,North America,2012,9,2/27/2012,3/4/2012,8029,8029,0,443,986,0,392,1821,0,0,107,107,1928,,Local Outbreak
United States of America,Region of the Americas of WHO,North America,2012,10,3/5/2012,3/11/2012,7979,7979,0,494,1221,0,451,2166,0,0,116,116,2282,,Local Outbreak
United States of America,Region of the Americas of WHO,North America,2012,11,3/12/2012,3/18/2012,8295,8295,0,574,1393,0,482,2449,0,0,197,197,2646,,Regional Outbreak
United States of America,Region of the Americas of WHO,North America,2012,12,3/19/2012,3/25/2012,7611,7611,0,436,1091,0,403,1930,0,0,241,241,2171,,Local Outbreak
United States of America,Region of the Americas of WHO,North America,2012,13,3/26/2012,4/1/2012,7037,7037,0,306,717,0,299,1322,0,0,239,239,1561,,Sporadic
United States of America,Region of the Americas of WHO,North America,2012,14,4/2/2012,4/8/2012,6250,6250,0,266,628,0,282,1176,0,0,270,270,1446,,Local Outbreak
United States of America,Region of the Americas of WHO,North America,2012,15,4/9/2012,4/15/2012,5918,5918,0,187,591,0,186,964,0,0,290,290,1254,,Local Outbreak
United States of America,Region of the Americas of WHO,North America,2012,16,4/16/2012,4/22/2012,5454,5454,0,123,548,0,173,844,0,0,313,313,1157,,Local Outbreak
United States of America,Region of the Americas of WHO,North America,2012,17,4/23/2012,4/29/2012,4650,4650,0,82,366,0,134,582,0,0,269,269,851,,Sporadic
United States of America,Region of the Americas of WHO,North America,2012,18,4/30/2012,5/6/2012,4194,4194,0,64,310,0,99,473,0,0,247,247,720,,Sporadic
United States of America,Region of the Americas of WHO,North America,2012,19,5/7/2012,5/13/2012,3779,3779,0,39,233,0,76,348,0,0,266,266,614,,Sporadic
United States of America,Region of the Americas of WHO,North America,2012,20,5/14/2012,5/20/2012,3564,3564,0,34,167,0,57,258,0,0,252,252,510,,Sporadic
United States of America,Region of the Americas of WHO,North America,2012,21,5/21/2012,5/27/2012,3470,3470,0,18,88,0,63,169,0,0,253,253,422,,Sporadic
United States of America,Region of the Americas of WHO,North America,2012,22,5/28/2012,6/3/2012,3015,3015,0,16,85,0,46,147,0,0,224,224,371,,Sporadic
United States of America,Region of the Americas of WHO,North America,2012,23,6/4/2012,6/10/2012,2986,2986,0,16,48,0,40,104,0,0,200,200,304,,Sporadic
United States of America,Region of the Americas of WHO,North America,2012,24,6/11/2012,6/17/2012,2724,2724,0,9,63,0,52,124,0,0,179,179,303,,Sporadic
United States of America,Region of the Americas of WHO,North America,2012,25,6/18/2012,6/24/2012,2343,2343,0,3,38,0,26,67,0,0,105,105,172,,Sporadic
United States of America,Region of the Americas of WHO,North America,2012,26,6/25/2012,7/1/2012,2116,2116,0,3,26,0,22,51,0,0,117,117,168,,Sporadic
United States of America,Region of the Americas of WHO,North America,2012,27,7/2/2012,7/8/2012,1817,1817,0,5,16,0,13,34,0,0,57,57,91,,Sporadic
United States of America,Region of the Americas of WHO,North America,2012,28,7/9/2012,7/15/2012,1908,1908,0,4,36,0,15,55,0,0,43,43,98,,Sporadic
United States of America,Region of the Americas of WHO,North America,2012,29,7/16/2012,7/22/2012,1933,1933,0,0,18,0,11,29,0,0,47,47,76,,Sporadic
United States of America,Region of the Americas of WHO,North America,2012,30,7/23/2012,7/29/2012,1927,1927,0,2,49,0,10,61,0,0,31,31,92,,Sporadic
United States of America,Region of the Americas of WHO,North America,2012,31,7/30/2012,8/5/2012,1939,1939,0,1,65,0,4,70,0,0,35,35,105,,Sporadic
United States of America,Region of the Americas of WHO,North America,2012,32,8/6/2012,8/12/2012,2118,2118,0,3,63,0,8,74,0,0,26,26,100,,Sporadic
United States of America,Region of the Americas of WHO,North America,2012,33,8/13/2012,8/19/2012,2236,2236,0,6,69,0,9,84,0,0,28,28,112,,Sporadic
United States of America,Region of the Americas of WHO,North America,2012,34,8/20/2012,8/26/2012,2392,2392,0,7,48,0,14,69,0,0,25,25,94,,Sporadic
United States of America,Region of the Americas of WHO,North America,2012,35,8/27/2012,9/2/2012,2444,2444,0,1,36,0,12,49,0,0,26,26,75,,Sporadic
United States of America,Region of the Americas of WHO,North America,2012,36,9/3/2012,9/9/2012,2598,2598,0,1,34,0,11,46,0,0,36,36,82,,Sporadic
United States of America,Region of the Americas of WHO,North America,2012,37,9/10/2012,9/16/2012,2909,2909,0,0,19,0,9,28,0,0,48,48,76,,Sporadic
United States of America,Region of the Americas of WHO,North America,2012,38,9/17/2012,9/23/2012,3123,3123,0,4,34,0,18,56,0,0,40,40,96,,Sporadic
United States of America,Region of the Americas of WHO,North America,2012,39,9/24/2012,9/30/2012,2476,2476,0,3,17,0,20,40,0,0,49,49,89,,Sporadic
United States of America,Region of the Americas of WHO,North America,2012,40,10/1/2012,10/7/2012,4345,4345,0,3,71,0,10,84,0,0,79,79,163,,Sporadic
United States of America,Region of the Americas of WHO,North America,2012,41,10/8/2012,10/14/2012,4716,4716,0,7,67,0,25,99,0,0,98,98,197,,Sporadic
United States of America,Region of the Americas of WHO,North America,2012,42,10/15/2012,10/21/2012,5009,5009,0,4,128,0,47,179,0,0,121,121,300,,Sporadic
United States of America,Region of the Americas of WHO,North America,2012,43,10/22/2012,10/28/2012,4913,4913,0,3,148,0,49,200,0,0,139,139,339,,Sporadic
United States of America,Region of the Americas of WHO,North America,2012,44,10/29/2012,11/4/2012,5149,5149,0,4,181,0,73,258,0,0,151,151,409,,Sporadic
United States of America,Region of the Americas of WHO,North America,2012,45,11/5/2012,11/11/2012,6134,6134,0,5,269,0,114,388,0,0,231,231,619,,Sporadic
United States of America,Region of the Americas of WHO,North America,2012,46,11/12/2012,11/18/2012,6365,6365,0,8,366,0,210,584,0,0,265,265,849,,Local Outbreak
United States of America,Region of the Americas of WHO,North America,2012,47,11/19/2012,11/25/2012,7115,7115,0,8,592,0,406,1006,0,0,362,362,1368,,Regional Outbreak
United States of America,Region of the Americas of WHO,North America,2012,48,11/26/2012,12/2/2012,8884,8884,0,17,992,0,532,1541,0,0,497,497,2038,,Regional Outbreak
United States of America,Region of the Americas of WHO,North America,2012,49,12/3/2012,12/9/2012,11471,11471,0,36,1739,0,979,2754,0,0,678,678,3432,,Widespread Outbreak
United States of America,Region of the Americas of WHO,North America,2012,50,12/10/2012,12/16/2012,13885,13885,0,49,2572,0,1141,3762,0,0,822,822,4584,,Widespread Outbreak
United States of America,Region of the Americas of WHO,North America,2012,51,12/17/2012,12/23/2012,15667,15667,0,54,3528,0,1251,4833,0,0,1096,1096,5929,,Widespread Outbreak
United States of America,Region of the Americas of WHO,North America,2012,52,12/24/2012,12/30/2012,16881,16881,0,78,3673,0,1532,5283,0,0,1162,1162,6445,,Widespread Outbreak
United States of America,Region of the Americas of WHO,North America,2013,1,12/31/2012,1/6/2013,18219,18219,0,84,3640,0,1653,5377,0,0,1097,1097,6474,,Widespread Outbreak
United States of America,Region of the Americas of WHO,North America,2013,2,1/7/2013,1/13/2013,20013,20013,0,96,3889,0,1767,5752,0,0,1145,1145,6897,,Widespread Outbreak
United States of America,Region of the Americas of WHO,North America,2013,3,1/14/2013,1/20/2013,19228,19228,0,113,3121,0,1624,4858,0,0,1078,1078,5936,,Widespread Outbreak
United States of America,Region of the Americas of WHO,North America,2013,4,1/21/2013,1/27/2013,17139,17139,0,129,2382,0,1528,4039,0,0,1091,1091,5130,,Widespread Outbreak
United States of America,Region of the Americas of WHO,North America,2013,5,1/28/2013,2/3/2013,14795,14795,0,122,1890,0,951,2963,0,0,1076,1076,4039,,Widespread Outbreak
United States of America,Region of the Americas of WHO,North America,2013,6,2/4/2013,2/10/2013,13259,13259,0,121,1181,0,706,2008,0,0,1051,1051,3059,,Widespread Outbreak
United States of America,Region of the Americas of WHO,North America,2013,7,2/11/2013,2/17/2013,11468,11468,0,69,798,0,486,1353,0,0,1032,1032,2385,,Widespread Outbreak
United States of America,Region of the Americas of WHO,North America,2013,8,2/18/2013,2/24/2013,10398,10398,0,74,548,0,363,985,0,0,1084,1084,2069,,Widespread Outbreak
United States of America,Region of the Americas of WHO,North America,2013,9,2/25/2013,3/3/2013,9499,9499,0,49,392,0,289,730,0,0,1046,1046,1776,,Widespread Outbreak
United States of America,Region of the Americas of WHO,North America,2013,10,3/4/2013,3/10/2013,8999,8999,0,61,301,0,200,562,0,0,1083,1083,1645,,Regional Outbreak
United States of America,Region of the Americas of WHO,North America,2013,11,3/11/2013,3/17/2013,8733,8733,0,41,202,0,191,434,0,0,1018,1018,1452,,Local Outbreak
United States of America,Region of the Americas of WHO,North America,2013,12,3/18/2013,3/24/2013,7849,7849,0,29,159,0,137,325,0,0,894,894,1219,,Local Outbreak
United States of America,Region of the Americas of WHO,North America,2013,13,3/25/2013,3/31/2013,6635,6635,0,31,98,0,92,221,0,0,732,732,953,,Local Outbreak
United States of America,Region of the Americas of WHO,North America,2013,14,4/1/2013,4/7/2013,6311,6311,0,31,120,0,101,252,0,0,641,641,893,,Local Outbreak
United States of America,Region of the Americas of WHO,North America,2013,15,4/8/2013,4/14/2013,5779,5779,0,44,67,0,63,174,0,0,457,457,631,,Local Outbreak
United States of America,Region of the Americas of WHO,North America,2013,16,4/15/2013,4/21/2013,5229,5229,0,27,73,0,43,143,0,0,311,311,454,,Local Outbreak
United States of America,Region of the Americas of WHO,North America,2013,17,4/22/2013,4/28/2013,4518,4518,0,33,61,0,46,140,0,0,239,239,379,,Sporadic
United States of America,Region of the Americas of WHO,North America,2013,18,4/29/2013,5/5/2013,4317,4317,0,15,54,0,29,98,0,0,195,195,293,,Sporadic
United States of America,Region of the Americas of WHO,North America,2013,19,5/6/2013,5/12/2013,3917,3917,0,12,36,0,27,75,0,0,174,174,249,,Sporadic
United States of America,Region of the Americas of WHO,North America,2013,20,5/13/2013,5/19/2013,3562,3562,0,11,24,0,19,54,0,0,120,120,174,,Sporadic
United States of America,Region of the Americas of WHO,North America,2013,21,5/20/2013,5/26/2013,3488,3488,0,13,18,0,21,52,0,0,109,109,161,,Sporadic
United States of America,Region of the Americas of WHO,North America,2013,22,5/27/2013,6/2/2013,3207,3207,0,14,14,0,28,56,0,0,92,92,148,,Sporadic
United States of America,Region of the Americas of WHO,North America,2013,23,6/3/2013,6/9/2013,3167,3167,0,10,12,0,29,51,0,0,78,78,129,,Sporadic
United States of America,Region of the Americas of WHO,North America,2013,24,6/10/2013,6/16/2013,2893,2893,0,20,12,0,32,64,0,0,62,62,126,,Sporadic
United States of America,Region of the Americas of WHO,North America,2013,25,6/17/2013,6/23/2013,2811,2811,0,5,10,0,31,46,0,0,47,47,93,,Sporadic
United States of America,Region of the Americas of WHO,North America,2013,26,6/24/2013,6/30/2013,2591,2591,0,6,5,0,21,32,0,0,27,27,59,,Sporadic
United States of America,Region of the Americas of WHO,North America,2013,27,7/1/2013,7/7/2013,2256,2256,0,6,12,0,22,40,0,0,23,23,63,,Sporadic
United States of America,Region of the Americas of WHO,North America,2013,28,7/8/2013,7/14/2013,2337,2337,0,6,27,0,33,66,0,0,13,13,79,,Sporadic
United States of America,Region of the Americas of WHO,North America,2013,29,7/15/2013,7/21/2013,2212,2212,0,5,12,0,24,41,0,0,14,14,55,,Sporadic
United States of America,Region of the Americas of WHO,North America,2013,30,7/22/2013,7/28/2013,2050,2050,0,11,10,0,29,50,0,0,9,9,59,,Sporadic
United States of America,Region of the Americas of WHO,North America,2013,31,7/29/2013,8/4/2013,2246,2246,0,8,14,0,31,53,0,0,20,20,73,,Sporadic
United States of America,Region of the Americas of WHO,North America,2013,32,8/5/2013,8/11/2013,2195,2195,0,14,11,0,26,51,0,0,12,12,63,,Sporadic
United States of America,Region of the Americas of WHO,North America,2013,33,8/12/2013,8/18/2013,1968,1968,0,13,3,0,32,48,0,0,10,10,58,,Sporadic
United States of America,Region of the Americas of WHO,North America,2013,34,8/19/2013,8/25/2013,2187,2187,0,9,4,0,41,54,0,0,3,3,57,,Sporadic
United States of America,Region of the Americas of WHO,North America,2013,35,8/26/2013,9/1/2013,2674,2674,0,39,3,0,67,109,0,0,10,10,119,,Sporadic
United States of America,Region of the Americas of WHO,North America,2013,36,9/2/2013,9/8/2013,2825,2825,0,23,5,0,73,101,0,0,12,12,113,,Sporadic
United States of America,Region of the Americas of WHO,North America,2013,37,9/9/2013,9/15/2013,3190,3190,0,48,7,0,60,115,0,0,7,7,122,,Sporadic
United States of America,Region of the Americas of WHO,North America,2013,38,9/16/2013,9/22/2013,3400,3400,0,32,7,0,56,95,0,0,22,22,117,,Sporadic
United States of America,Region of the Americas of WHO,North America,2013,39,9/23/2013,9/29/2013,3890,3890,0,49,10,0,56,115,0,0,22,22,137,,Sporadic
United States of America,Region of the Americas of WHO,North America,2013,40,9/30/2013,10/6/2013,4407,4407,0,64,10,0,84,158,0,0,26,26,184,,Sporadic
United States of America,Region of the Americas of WHO,North America,2013,41,10/7/2013,10/13/2013,5244,5244,0,57,21,0,115,193,0,0,28,28,221,,Sporadic
United States of America,Region of the Americas of WHO,North America,2013,42,10/14/2013,10/20/2013,5320,5320,0,34,12,0,104,150,0,0,25,25,175,,Sporadic
United States of America,Region of the Americas of WHO,North America,2013,43,10/21/2013,10/27/2013,5402,5402,0,65,16,0,102,183,0,0,14,14,197,,Sporadic
United States of America,Region of the Americas of WHO,North America,2013,44,10/28/2013,11/3/2013,5853,5853,0,74,24,0,135,233,0,0,41,41,274,,Sporadic
United States of America,Region of the Americas of WHO,North America,2013,45,11/4/2013,11/10/2013,6765,6765,0,150,28,0,173,351,0,0,43,43,394,,Local Outbreak
United States of America,Region of the Americas of WHO,North America,2013,46,11/11/2013,11/17/2013,6963,6963,0,265,25,0,191,481,0,0,39,39,520,,Local Outbreak
United States of America,Region of the Americas of WHO,North America,2013,47,11/18/2013,11/24/2013,7569,7569,0,417,20,0,211,648,0,0,55,55,703,,Local Outbreak
United States of America,Region of the Americas of WHO,North America,2013,48,11/25/2013,12/1/2013,7118,7118,0,465,28,0,330,823,0,0,40,40,863,,Local Outbreak
United States of America,Region of the Americas of WHO,North America,2013,49,12/2/2013,12/8/2013,9628,9628,0,899,30,0,726,1655,0,0,67,67,1722,,Local Outbreak
United States of America,Region of the Americas of WHO,North America,2013,50,12/9/2013,12/15/2013,9942,9942,0,1062,46,0,813,1921,0,0,47,47,1968,,Local Outbreak
United States of America,Region of the Americas of WHO,North America,2013,51,12/16/2013,12/22/2013,13165,13165,0,1996,50,0,1577,3623,0,0,62,62,3685,,Widespread Outbreak
United States of America,Region of the Americas of WHO,North America,2013,52,12/23/2013,12/29/2013,14631,14631,0,2663,39,0,1689,4391,0,0,87,87,4478,,Widespread Outbreak
United States of America,Region of the Americas of WHO,North America,2014,1,12/30/2013,1/5/2014,16955,16955,0,3317,79,0,1502,4898,0,0,84,84,4982,,Widespread Outbreak
United States of America,Region of the Americas of WHO,North America,2014,2,1/6/2014,1/12/2014,16829,16829,0,3204,104,0,1246,4554,0,0,82,82,4636,,Widespread Outbreak
United States of America,Region of the Americas of WHO,North America,2014,3,1/13/2014,1/19/2014,16051,16051,0,2907,107,0,1119,4133,0,0,110,110,4243,,Widespread Outbreak
United States of America,Region of the Americas of WHO,North America,2014,4,1/20/2014,1/26/2014,15130,15130,0,2341,118,0,1002,3461,0,0,152,152,3613,,Widespread Outbreak
United States of America,Region of the Americas of WHO,North America,2014,5,1/27/2014,2/2/2014,13460,13460,0,1735,77,0,743,2555,0,0,153,153,2708,,Widespread Outbreak
United States of America,Region of the Americas of WHO,North America,2014,6,2/3/2014,2/9/2014,12072,12072,0,1451,115,0,525,2091,0,0,198,198,2289,,Widespread Outbreak
United States of America,Region of the Americas of WHO,North America,2014,7,2/10/2014,2/16/2014,10991,10991,0,1056,91,0,466,1613,0,0,199,199,1812,,Widespread Outbreak
United States of America,Region of the Americas of WHO,North America,2014,8,2/17/2014,2/23/2014,10451,10451,0,741,85,0,327,1153,0,0,220,220,1373,,Widespread Outbreak
United States of America,Region of the Americas of WHO,North America,2014,9,2/24/2014,3/2/2014,9349,9349,0,454,85,0,250,789,0,0,237,237,1026,,Regional Outbreak
United States of America,Region of the Americas of WHO,North America,2014,10,3/3/2014,3/9/2014,8995,8995,0,390,99,0,204,693,0,0,281,281,974,,Regional Outbreak
United States of America,Region of the Americas of WHO,North America,2014,11,3/10/2014,3/16/2014,8282,8282,0,330,132,0,155,617,0,0,313,313,930,,Regional Outbreak
United States of America,Region of the Americas of WHO,North America,2014,12,3/17/2014,3/23/2014,7617,7617,0,187,149,0,181,517,0,0,402,402,919,,Regional Outbreak
United States of America,Region of the Americas of WHO,North America,2014,13,3/24/2014,3/30/2014,7327,7327,0,134,161,0,176,471,0,0,462,462,933,,Local Outbreak
United States of America,Region of the Americas of WHO,North America,2014,14,3/31/2014,4/6/2014,7024,7024,0,98,221,0,128,447,0,0,492,492,939,,Local Outbreak
United States of America,Region of the Americas of WHO,North America,2014,15,4/7/2014,4/13/2014,6661,6661,0,46,221,0,154,421,0,0,533,533,954,,Local Outbreak
United States of America,Region of the Americas of WHO,North America,2014,16,4/14/2014,4/20/2014,6167,6167,0,28,195,0,128,351,0,0,445,445,796,,Local Outbreak
United States of America,Region of the Americas of WHO,North America,2014,17,4/21/2014,4/27/2014,5521,5521,0,15,174,0,123,312,0,0,405,405,717,,Local Outbreak
United States of America,Region of the Americas of WHO,North America,2014,18,4/28/2014,5/4/2014,5571,5571,0,13,141,0,128,282,0,0,415,415,697,,Sporadic
United States of America,Region of the Americas of WHO,North America,2014,19,5/5/2014,5/11/2014,5221,5221,0,7,128,0,99,234,0,0,327,327,561,,Local Outbreak
United States of America,Region of the Americas of WHO,North America,2014,20,5/12/2014,5/18/2014,5044,5044,0,6,100,0,96,202,0,0,294,294,496,,Local Outbreak
United States of America,Region of the Americas of WHO,North America,2014,21,5/19/2014,5/25/2014,4544,4544,0,1,101,0,61,163,0,0,222,222,385,,Sporadic
United States of America,Region of the Americas of WHO,North America,2014,22,5/26/2014,6/1/2014,4516,4516,0,3,103,0,82,188,0,0,208,208,396,,Sporadic
United States of America,Region of the Americas of WHO,North America,2014,23,6/2/2014,6/8/2014,4063,4063,0,2,86,0,51,139,0,0,131,131,270,,Local Outbreak
United States of America,Region of the Americas of WHO,North America,2014,24,6/9/2014,6/15/2014,3963,3963,0,3,99,0,49,151,0,0,139,139,290,,Local Outbreak
United States of America,Region of the Americas of WHO,North America,2014,25,6/16/2014,6/22/2014,3694,3694,0,3,69,0,43,115,0,0,106,106,221,,Sporadic
United States of America,Region of the Americas of WHO,North America,2014,26,6/23/2014,6/29/2014,3358,3358,0,0,45,0,28,73,0,0,97,97,170,,Local Outbreak
United States of America,Region of the Americas of WHO,North America,2014,27,6/30/2014,7/6/2014,3020,3020,0,1,46,0,26,73,0,0,80,80,153,,Sporadic
United States of America,Region of the Americas of WHO,North America,2014,28,7/7/2014,7/13/2014,2917,2917,0,3,53,0,29,85,0,0,59,59,144,,Local Outbreak
United States of America,Region of the Americas of WHO,North America,2014,29,7/14/2014,7/20/2014,2764,2761,0,0,32,0,20,52,0,0,42,42,94,,Local Outbreak
United States of America,Region of the Americas of WHO,North America,2014,30,7/21/2014,7/27/2014,3042,3042,0,1,36,0,28,65,0,0,50,50,115,,Sporadic
United States of America,Region of the Americas of WHO,North America,2014,31,7/28/2014,8/3/2014,2827,2827,0,2,46,0,25,73,0,0,21,21,94,,Sporadic
United States of America,Region of the Americas of WHO,North America,2014,32,8/4/2014,8/10/2014,2820,2820,0,3,39,0,15,57,0,0,21,21,78,,Sporadic
United States of America,Region of the Americas of WHO,North America,2014,33,8/11/2014,8/17/2014,3241,3241,0,1,54,0,21,76,0,0,36,36,112,,Sporadic
United States of America,Region of the Americas of WHO,North America,2014,34,8/18/2014,8/24/2014,3304,3304,0,3,44,0,18,65,0,0,40,40,105,,Sporadic
United States of America,Region of the Americas of WHO,North America,2014,35,8/25/2014,8/31/2014,3915,3915,0,6,59,0,28,93,0,0,40,40,133,,Sporadic
United States of America,Region of the Americas of WHO,North America,2014,36,9/1/2014,9/7/2014,4147,4147,0,7,42,0,33,82,0,0,29,29,111,,Sporadic
United States of America,Region of the Americas of WHO,North America,2014,37,9/8/2014,9/14/2014,5231,5231,0,1,65,0,33,99,0,0,30,30,129,,Sporadic
United States of America,Region of the Americas of WHO,North America,2014,38,9/15/2014,9/21/2014,5592,5592,0,6,80,0,32,118,0,0,53,53,171,,Sporadic
United States of America,Region of the Americas of WHO,North America,2014,39,9/22/2014,9/28/2014,5809,5809,0,1,84,0,51,136,0,0,64,64,200,,Sporadic
United States of America,Region of the Americas of WHO,North America,2014,40,9/29/2014,10/5/2014,9567,9567,0,2,100,0,97,199,0,0,110,110,309,,Sporadic
United States of America,Region of the Americas of WHO,North America,2014,41,10/6/2014,10/12/2014,11036,11036,0,5,125,0,149,279,0,0,160,160,439,,Sporadic
United States of America,Region of the Americas of WHO,North America,2014,42,10/13/2014,10/19/2014,11729,11729,0,7,226,0,186,419,0,0,164,164,583,,Local Outbreak
United States of America,Region of the Americas of WHO,North America,2014,43,10/20/2014,10/26/2014,11385,11385,0,5,212,0,200,417,0,0,127,127,544,,Sporadic
United States of America,Region of the Americas of WHO,North America,2014,44,10/27/2014,11/2/2014,11525,11525,0,4,295,0,292,591,0,0,135,135,726,,Sporadic
United States of America,Region of the Americas of WHO,North America,2014,45,11/3/2014,11/9/2014,12918,12918,0,6,506,0,489,1001,0,0,155,155,1156,,Sporadic
United States of America,Region of the Americas of WHO,North America,2014,46,11/10/2014,11/16/2014,13776,13776,0,8,632,0,629,1269,0,0,147,147,1416,,Sporadic
United States of America,Region of the Americas of WHO,North America,2014,47,11/17/2014,11/23/2014,16166,16166,0,5,1001,0,1233,2239,0,0,163,163,2402,,Regional Outbreak
United States of America,Region of the Americas of WHO,North America,2014,48,11/24/2014,11/30/2014,18504,18504,0,8,1538,0,1878,3424,0,0,200,200,3624,,Widespread Outbreak
United States of America,Region of the Americas of WHO,North America,2014,49,12/1/2014,12/7/2014,21961,21961,0,11,2296,0,2398,4705,0,0,242,242,4947,,Widespread Outbreak
United States of America,Region of the Americas of WHO,North America,2014,50,12/8/2014,12/14/2014,29214,29214,0,6,3814,0,4047,7867,0,0,315,315,8182,,Widespread Outbreak
United States of America,Region of the Americas of WHO,North America,2014,51,12/15/2014,12/21/2014,37109,37109,0,4,4972,0,6163,11139,0,0,325,325,11464,,Widespread Outbreak
United States of America,Region of the Americas of WHO,North America,2014,52,12/22/2014,12/28/2014,42466,42466,0,10,5498,0,7847,13355,0,0,392,392,13747,,Widespread Outbreak
United States of America,Region of the Americas of WHO,North America,2015,1,12/29/2014,1/4/2015,41579,41579,0,10,5292,0,5695,10997,0,0,409,409,11406,,Widespread Outbreak
United States of America,Region of the Americas of WHO,North America,2015,2,1/5/2015,1/11/2015,38493,38493,0,10,4901,0,3955,8866,0,0,372,372,9238,,Widespread Outbreak
United States of America,Region of the Americas of WHO,North America,2015,3,1/12/2015,1/18/2015,35593,35593,0,8,4584,0,3580,8172,0,0,473,473,8645,,Widespread Outbreak
United States of America,Region of the Americas of WHO,North America,2015,4,1/19/2015,1/25/2015,34191,34191,0,4,3917,0,3513,7434,0,0,548,548,7982,,Widespread Outbreak
United States of America,Region of the Americas of WHO,North America,2015,5,1/26/2015,2/1/2015,32001,32001,0,10,3475,0,2789,6274,0,0,606,606,6880,,Widespread Outbreak
United States of America,Region of the Americas of WHO,North America,2015,6,2/2/2015,2/8/2015,29578,29578,0,10,2719,0,2170,4899,0,0,723,723,5622,,Widespread Outbreak
United States of America,Region of the Americas of WHO,North America,2015,7,2/9/2015,2/15/2015,26986,26986,0,7,1744,0,1575,3326,0,0,869,869,4195,,Widespread Outbreak
United States of America,Region of the Americas of WHO,North America,2015,8,2/16/2015,2/22/2015,24292,24292,0,10,1242,0,1108,2360,0,0,1009,1009,3369,,Widespread Outbreak
United States of America,Region of the Americas of WHO,North America,2015,9,2/23/2015,3/1/2015,22293,22293,0,18,954,0,740,1712,0,0,1127,1127,2839,,Widespread Outbreak
United States of America,Region of the Americas of WHO,North America,2015,10,3/2/2015,3/8/2015,20419,20419,0,5,774,0,557,1336,0,0,1352,1352,2688,,Widespread Outbreak
United States of America,Region of the Americas of WHO,North America,2015,11,3/9/2015,3/15/2015,19843,19843,0,7,458,0,405,870,0,0,1654,1654,2524,,Widespread Outbreak
United States of America,Region of the Americas of WHO,North America,2015,12,3/16/2015,3/22/2015,18418,18418,0,2,340,0,302,644,0,0,1564,1564,2208,,Regional Outbreak
United States of America,Region of the Americas of WHO,North America,2015,13,3/23/2015,3/29/2015,16980,16980,0,7,227,0,197,431,0,0,1479,1479,1910,,Regional Outbreak
United States of America,Region of the Americas of WHO,North America,2015,14,3/30/2015,4/5/2015,15123,15123,0,4,168,0,119,291,0,0,1375,1375,1666,,Regional Outbreak
United States of America,Region of the Americas of WHO,North America,2015,15,4/6/2015,4/12/2015,14741,14741,0,7,87,0,107,201,0,0,1271,1271,1472,,Local Outbreak
United States of America,Region of the Americas of WHO,North America,2015,16,4/13/2015,4/19/2015,13389,13389,0,13,66,0,79,158,0,0,969,969,1127,,Sporadic
United States of America,Region of the Americas of WHO,North America,2015,17,4/20/2015,4/26/2015,11872,11872,0,1,48,0,40,89,0,0,683,683,772,,Local Outbreak
United States of America,Region of the Americas of WHO,North America,2015,18,4/27/2015,5/3/2015,10769,10769,0,4,26,0,36,66,0,0,543,543,609,,Sporadic
United States of America,Region of the Americas of WHO,North America,2015,19,5/4/2015,5/10/2015,9784,9784,0,2,12,0,19,33,0,0,494,494,527,,Sporadic
United States of America,Region of the Americas of WHO,North America,2015,20,5/11/2015,5/17/2015,9188,9188,0,2,16,0,26,44,0,0,340,340,384,,Sporadic
United States of America,Region of the Americas of WHO,North America,2015,21,5/18/2015,5/24/2015,8412,8412,0,0,21,0,19,40,0,0,267,267,307,,Sporadic
United States of America,Region of the Americas of WHO,North America,2015,22,5/25/2015,5/31/2015,7747,7747,0,1,20,0,21,42,0,0,184,184,226,,Sporadic
United States of America,Region of the Americas of WHO,North America,2015,23,6/1/2015,6/7/2015,6991,6991,0,0,20,0,22,42,0,0,151,151,193,,Sporadic
United States of America,Region of the Americas of WHO,North America,2015,24,6/8/2015,6/14/2015,6724,6724,0,1,20,0,28,49,0,0,129,129,178,,Sporadic
United States of America,Region of the Americas of WHO,North America,2015,25,6/15/2015,6/21/2015,6132,6132,0,2,50,0,22,74,0,0,78,78,152,,Sporadic
United States of America,Region of the Americas of WHO,North America,2015,26,6/22/2015,6/28/2015,5557,5557,0,0,51,0,24,75,0,0,46,46,121,,Sporadic
United States of America,Region of the Americas of WHO,North America,2015,27,6/29/2015,7/5/2015,5230,5230,0,2,59,0,35,96,0,0,33,33,129,,Sporadic
United States of America,Region of the Americas of WHO,North America,2015,28,7/6/2015,7/12/2015,5253,5253,0,4,40,0,18,62,0,0,36,36,98,,Sporadic
United States of America,Region of the Americas of WHO,North America,2015,29,7/13/2015,7/19/2015,5034,5034,0,3,35,0,11,49,0,0,37,37,86,,Sporadic
United States of America,Region of the Americas of WHO,North America,2015,30,7/20/2015,7/26/2015,4802,4802,0,4,34,0,19,57,0,0,23,23,80,,Sporadic
United States of America,Region of the Americas of WHO,North America,2015,31,7/27/2015,8/2/2015,4785,4785,0,0,44,0,23,67,0,0,10,10,77,,Sporadic
United States of America,Region of the Americas of WHO,North America,2015,32,8/3/2015,8/9/2015,4781,4781,0,4,50,0,20,74,0,0,17,17,91,,Sporadic
United States of America,Region of the Americas of WHO,North America,2015,33,8/10/2015,8/16/2015,4857,4857,0,3,33,0,30,66,0,0,13,13,79,,Sporadic
United States of America,Region of the Americas of WHO,North America,2015,34,8/17/2015,8/23/2015,5118,5118,0,2,53,0,25,80,0,0,16,16,96,,Sporadic
United States of America,Region of the Americas of WHO,North America,2015,35,8/24/2015,8/30/2015,5322,5322,0,3,42,0,33,78,0,0,20,20,98,,Sporadic
United States of America,Region of the Americas of WHO,North America,2015,36,8/31/2015,9/6/2015,5979,5979,0,3,63,0,41,107,0,0,27,27,134,,Sporadic
United States of America,Region of the Americas of WHO,North America,2015,37,9/7/2015,9/13/2015,6493,6493,0,1,70,0,32,103,0,0,28,28,131,,Sporadic
United States of America,Region of the Americas of WHO,North America,2015,38,9/14/2015,9/20/2015,6854,6854,0,3,76,0,55,134,0,0,33,33,167,,Sporadic
United States of America,Region of the Americas of WHO,North America,2015,39,9/21/2015,9/27/2015,7253,7253,0,0,27,0,55,82,0,0,33,33,115,,Sporadic
United States of America,Region of the Americas of WHO,North America,2015,40,9/28/2015,10/4/2015,6354,6354,0,6,17,0,50,73,0,0,32,32,105,,Sporadic
United States of America,Region of the Americas of WHO,North America,2015,41,10/5/2015,10/11/2015,12705,12705,0,9,67,0,78,154,1,0,53,54,208,0,Sporadic
United States of America,Region of the Americas of WHO,North America,2015,42,10/12/2015,10/18/2015,13797,13797,0,9,50,0,102,161,0,3,60,63,224,0,Sporadic
United States of America,Region of the Americas of WHO,North America,2015,43,10/19/2015,10/25/2015,14027,14027,0,12,53,0,93,158,0,0,59,59,217,0,Sporadic
United States of America,Region of the Americas of WHO,North America,2015,44,10/26/2015,11/1/2015,13972,13972,0,8,36,0,91,135,1,1,60,62,197,0,Sporadic
United States of America,Region of the Americas of WHO,North America,2015,45,11/2/2015,11/8/2015,14531,14531,0,7,19,0,82,108,1,1,71,73,181,0,Sporadic
United States of America,Region of the Americas of WHO,North America,2015,46,11/9/2015,11/15/2015,12547,12547,0,9,15,0,105,129,1,2,87,90,219,0,Local Outbreak
United States of America,Region of the Americas of WHO,North America,2015,47,11/16/2015,11/22/2015,16671,16671,0,17,42,0,85,144,4,0,102,106,250,0,No Report
United States of America,Region of the Americas of WHO,North America,2015,48,11/23/2015,11/29/2015,16335,16335,0,17,24,0,119,160,9,3,96,108,268,0,No Report
United States of America,Region of the Americas of WHO,North America,2015,49,11/30/2015,12/6/2015,17707,17707,0,27,36,0,148,211,12,3,90,105,316,0,No Report
United States of America,Region of the Americas of WHO,North America,2015,50,12/7/2015,12/13/2015,18138,18138,0,38,37,0,141,216,11,2,117,130,346,0,No Report
United States of America,Region of the Americas of WHO,North America,2015,51,12/14/2015,12/20/2015,18778,18778,0,69,39,0,242,350,19,4,200,223,573,0,No Report
United States of America,Region of the Americas of WHO,North America,2015,52,12/21/2015,12/27/2015,18077,18077,0,89,33,0,221,343,28,3,175,206,549,0,No Report
United States of America,Region of the Americas of WHO,North America,2015,53,12/28/2015,1/3/2016,20289,20289,0,146,55,0,265,466,35,9,213,257,723,0,No Report
United States of America,Region of the Americas of WHO,North America,2016,1,1/4/2016,1/10/2016,21578,21578,0,232,67,0,398,697,52,12,198,262,959,0,No Report
United States of America,Region of the Americas of WHO,North America,2016,2,1/11/2016,1/17/2016,20415,20415,0,256,89,0,576,921,60,23,269,352,1273,0,No Report
United States of America,Region of the Americas of WHO,North America,2016,3,1/18/2016,1/24/2016,20701,20701,0,361,99,0,729,1189,83,25,360,468,1657,0,No Report
United States of America,Region of the Americas of WHO,North America,2016,4,1/25/2016,1/31/2016,23301,23301,0,526,159,0,1049,1734,104,28,508,640,2374,0,No Report
United States of America,Region of the Americas of WHO,North America,2016,5,2/1/2016,2/7/2016,24925,24925,0,672,171,0,1585,2428,143,62,684,889,3317,0,No Report
United States of America,Region of the Americas of WHO,North America,2016,6,2/8/2016,2/14/2016,28055,28055,0,891,236,0,2280,3407,206,71,1020,1297,4704,0,No Report
United States of America,Region of the Americas of WHO,North America,2016,7,2/15/2016,2/21/2016,31036,31036,0,1340,256,0,3151,4747,309,103,1271,1683,6430,0,No Report
United States of America,Region of the Americas of WHO,North America,2016,8,2/22/2016,2/28/2016,35463,35463,0,1671,232,0,4434,6337,383,156,1486,2025,8362,0,No Report
United States of America,Region of the Americas of WHO,North America,2016,9,2/29/2016,3/6/2016,38488,38488,0,1886,313,0,5554,7753,347,143,1836,2326,10079,0,No Report
United States of America,Region of the Americas of WHO,North America,2016,10,3/7/2016,3/13/2016,41810,41810,0,2173,313,0,6725,9211,333,162,2264,2759,11970,0,No Report
United States of America,Region of the Americas of WHO,North America,2016,11,3/14/2016,3/20/2016,38269,38269,0,1512,213,0,5070,6795,278,154,1972,2404,9199,0,No Report
United States of America,Region of the Americas of WHO,North America,2016,12,3/21/2016,3/27/2016,33466,33466,0,1058,198,0,3938,5194,207,117,1835,2159,7353,0,No Report
United States of America,Region of the Americas of WHO,North America,2016,13,3/28/2016,4/3/2016,30622,30622,0,807,180,0,2996,3983,211,127,1720,2058,6041,0,No Report
United States of America,Region of the Americas of WHO,North America,2016,14,4/4/2016,4/10/2016,26333,26333,0,534,135,0,2002,2671,163,106,1560,1829,4500,0,No Report
United States of America,Region of the Americas of WHO,North America,2016,15,4/11/2016,4/17/2016,23716,23716,0,382,117,0,1521,2020,162,88,1511,1761,3781,0,No Report
United States of America,Region of the Americas of WHO,North America,2016,16,4/18/2016,4/24/2016,21629,21629,0,276,127,0,1136,1539,163,86,1486,1735,3274,0,No Report
United States of America,Region of the Americas of WHO,North America,2016,17,4/25/2016,5/1/2016,19413,19413,0,167,98,0,706,971,119,78,1236,1433,2404,0,No Report
United States of America,Region of the Americas of WHO,North America,2016,18,5/2/2016,5/8/2016,16466,16466,0,77,58,0,429,564,82,53,899,1034,1598,0,No Report
United States of America,Region of the Americas of WHO,North America,2016,19,5/9/2016,5/15/2016,15077,15077,0,52,61,0,282,395,71,36,711,818,1213,0,No Report
United States of America,Region of the Americas of WHO,North America,2016,20,5/16/2016,5/22/2016,13325,13325,0,34,75,0,228,337,49,14,547,610,947,0,No Report
United States of America,Region of the Americas of WHO,North America,2016,21,5/23/2016,5/29/2016,12192,12192,0,16,43,0,141,200,31,22,435,488,688,0,No Report
United States of America,Region of the Americas of WHO,North America,2016,22,5/30/2016,6/5/2016,10526,10526,0,4,13,0,82,99,35,14,248,297,396,0,No Report
United States of America,Region of the Americas of WHO,North America,2016,23,6/6/2016,6/12/2016,9618,9618,0,5,14,0,71,90,17,6,221,244,334,0,No Report
United States of America,Region of the Americas of WHO,North America,2016,24,6/13/2016,6/19/2016,8776,8776,0,7,18,0,59,84,10,6,99,115,199,0,No Report
United States of America,Region of the Americas of WHO,North America,2016,25,6/20/2016,6/26/2016,7728,7728,0,5,22,0,44,71,11,9,92,112,183,0,No Report
United States of America,Region of the Americas of WHO,North America,2016,26,6/27/2016,7/3/2016,6613,6613,0,3,18,0,29,50,9,6,55,70,120,0,No Report
United States of America,Region of the Americas of WHO,North America,2016,27,7/4/2016,7/10/2016,6193,6193,0,2,18,0,23,43,9,5,34,48,91,0,No Report
United States of America,Region of the Americas of WHO,North America,2016,28,7/11/2016,7/17/2016,6552,6552,0,1,21,0,25,47,11,2,34,47,94,0,No Report
United States of America,Region of the Americas of WHO,North America,2016,29,7/18/2016,7/24/2016,6117,6117,0,2,18,0,25,45,10,0,30,40,85,0,No Report
United States of America,Region of the Americas of WHO,North America,2016,30,7/25/2016,7/31/2016,5983,5983,0,2,38,0,20,60,10,2,27,39,99,0,No Report
United States of America,Region of the Americas of WHO,North America,2016,31,8/1/2016,8/7/2016,5808,5808,0,1,45,0,35,81,4,1,20,25,106,0,No Report
United States of America,Region of the Americas of WHO,North America,2016,32,8/8/2016,8/14/2016,5894,5894,0,6,28,0,21,55,10,2,31,43,98,0,No Report
United States of America,Region of the Americas of WHO,North America,2016,33,8/15/2016,8/21/2016,5965,5965,0,1,29,0,26,56,7,1,23,31,87,0,No Report
United States of America,Region of the Americas of WHO,North America,2016,34,8/22/2016,8/28/2016,6295,6295,0,5,28,0,60,93,6,2,27,35,128,0,No Report
United States of America,Region of the Americas of WHO,North America,2016,35,8/29/2016,9/4/2016,7100,7100,0,7,33,0,77,117,1,4,45,50,167,0,No Report
United States of America,Region of the Americas of WHO,North America,2016,36,9/5/2016,9/11/2016,7422,7422,0,3,42,0,55,100,1,1,60,62,162,0,No Report
United States of America,Region of the Americas of WHO,North America,2016,37,9/12/2016,9/18/2016,8325,8325,0,8,44,0,73,125,1,3,69,73,198,0,No Report
United States of America,Region of the Americas of WHO,North America,2016,38,9/19/2016,9/25/2016,8506,8506,0,5,38,0,92,135,1,1,70,72,207,0,No Report
United States of America,Region of the Americas of WHO,North America,2016,39,9/26/2016,10/2/2016,7113,7113,0,1,22,0,81,104,0,0,72,72,176,0,No Report
United States of America,Region of the Americas of WHO,North America,2016,40,10/3/2016,10/9/2016,14708,14708,0,9,86,0,127,222,4,5,102,111,333,0,No Report
United States of America,Region of the Americas of WHO,North America,2016,41,10/10/2016,10/16/2016,15688,15688,0,11,81,0,113,205,6,7,95,108,313,0,No Report
United States of America,Region of the Americas of WHO,North America,2016,42,10/17/2016,10/23/2016,16509,16509,0,12,134,0,124,270,10,8,105,123,393,0,No Report
United States of America,Region of the Americas of WHO,North America,2016,43,10/24/2016,10/30/2016,16811,16811,0,13,130,0,148,291,3,3,108,114,405,0,No Report
United States of America,Region of the Americas of WHO,North America,2016,44,10/31/2016,11/6/2016,18291,18291,0,12,122,0,209,343,7,10,128,145,488,0,No Report
United States of America,Region of the Americas of WHO,North America,2016,45,11/7/2016,11/13/2016,19540,19540,0,5,155,0,281,441,1,6,135,142,583,0,No Report
United States of America,Region of the Americas of WHO,North America,2016,46,11/14/2016,11/20/2016,20580,20580,0,9,189,0,352,550,1,7,164,172,722,0,No Report
United States of America,Region of the Americas of WHO,North America,2016,47,11/21/2016,11/27/2016,19929,19929,0,5,164,0,475,644,3,4,204,211,855,0,No Report
United States of America,Region of the Americas of WHO,North America,2016,48,11/28/2016,12/4/2016,23507,23507,0,13,318,0,538,869,5,17,209,231,1100,0,No Report
United States of America,Region of the Americas of WHO,North America,2016,49,12/5/2016,12/11/2016,22604,22604,0,14,479,0,693,1186,7,20,204,231,1417,0,No Report
United States of America,Region of the Americas of WHO,North America,2016,50,12/12/2016,12/18/2016,26238,26238,0,18,750,0,1392,2160,18,27,244,289,2449,0,No Report
United States of America,Region of the Americas of WHO,North America,2016,51,12/19/2016,12/25/2016,29541,29541,0,29,1016,0,2484,3529,28,38,389,455,3984,0,No Report
United States of America,Region of the Americas of WHO,North America,2016,52,12/26/2016,1/1/2017,36641,36641,0,32,1676,0,4063,5771,37,59,449,545,6316,0,No Report
United States of America,Region of the Americas of WHO,North America,2017,1,1/2/2017,1/8/2017,39331,39331,0,53,2067,0,4180,6300,60,47,426,533,6833,0,No Report
United States of America,Region of the Americas of WHO,North America,2017,2,1/9/2017,1/15/2017,39411,39411,0,49,2209,0,4699,6957,76,49,492,617,7574,0,No Report
United States of America,Region of the Americas of WHO,North America,2017,3,1/16/2017,1/22/2017,40291,40291,0,57,2252,0,5659,7968,104,69,689,862,8830,0,No Report
United States of America,Region of the Americas of WHO,North America,2017,4,1/23/2017,1/29/2017,43322,43322,0,47,2431,0,6091,8569,123,70,864,1057,9626,0,No Report
United States of America,Region of the Americas of WHO,North America,2017,5,1/30/2017,2/5/2017,46685,46685,0,51,2590,0,7560,10201,182,96,1208,1486,11687,0,No Report
United States of America,Region of the Americas of WHO,North America,2017,6,2/6/2017,2/12/2017,53656,53656,0,71,2972,0,9393,12436,240,126,2028,2394,14830,0,No Report
United States of America,Region of the Americas of WHO,North America,2017,7,2/13/2017,2/19/2017,55005,55005,0,68,2617,0,9426,12111,300,153,2662,3115,15226,0,No Report
United States of America,Region of the Americas of WHO,North America,2017,8,2/20/2017,2/26/2017,53165,53165,0,87,2364,0,8603,11054,353,159,3106,3618,14672,0,No Report
United States of America,Region of the Americas of WHO,North America,2017,9,2/27/2017,3/5/2017,44536,44536,0,54,1491,0,5369,6914,358,149,2500,3007,9921,0,No Report
United States of America,Region of the Americas of WHO,North America,2017,10,3/6/2017,3/12/2017,41473,41473,0,50,1256,0,4311,5617,389,136,2922,3447,9064,0,No Report
United States of America,Region of the Americas of WHO,North America,2017,11,3/13/2017,3/19/2017,39212,39212,0,27,908,0,3502,4437,438,139,3261,3838,8275,0,No Report
United States of America,Region of the Americas of WHO,North America,2017,12,3/20/2017,3/26/2017,38592,38592,0,31,832,0,3297,4160,522,188,3864,4574,8734,0,No Report
United States of America,Region of the Americas of WHO,North America,2017,13,3/27/2017,4/2/2017,35183,35183,0,27,640,0,2316,2983,576,141,3791,4508,7491,0,No Report
United States of America,Region of the Americas of WHO,North America,2017,14,4/3/2017,4/9/2017,30763,30763,0,17,361,0,1403,1781,450,117,3032,3599,5380,0,No Report
United States of America,Region of the Americas of WHO,North America,2017,15,4/10/2017,4/16/2017,26659,26659,0,5,220,0,907,1132,372,65,2317,2754,3886,0,No Report
United States of America,Region of the Americas of WHO,North America,2017,16,4/17/2017,4/23/2017,24185,24185,0,11,143,0,643,797,246,51,1655,1952,2749,0,No Report
United States of America,Region of the Americas of WHO,North America,2017,17,4/24/2017,4/30/2017,20163,20163,0,7,133,0,344,484,176,46,1014,1236,1720,0,No Report
United States of America,Region of the Americas of WHO,North America,2017,18,5/1/2017,5/7/2017,16886,16886,0,5,80,0,258,343,121,29,738,888,1231,0,No Report
United States of America,Region of the Americas of WHO,North America,2017,19,5/8/2017,5/14/2017,15837,15837,0,3,95,0,253,351,115,37,631,783,1134,0,No Report
United States of America,Region of the Americas of WHO,North America,2017,20,5/15/2017,5/21/2017,14333,14333,0,5,63,0,237,305,111,32,499,642,947,0,No Report
United States of America,Region of the Americas of WHO,North America,2017,21,5/22/2017,5/28/2017,13194,13194,0,7,41,0,196,244,80,26,403,509,753,0,No Report
United States of America,Region of the Americas of WHO,North America,2017,22,5/29/2017,6/4/2017,11779,11779,0,1,39,0,181,221,60,50,333,443,664,0,No Report
United States of America,Region of the Americas of WHO,North America,2017,23,6/5/2017,6/11/2017,10743,10743,0,5,30,0,139,174,63,22,247,332,506,0,No Report
United States of America,Region of the Americas of WHO,North America,2017,24,6/12/2017,6/18/2017,9431,9431,0,8,41,0,131,180,44,11,169,224,404,0,No Report
United States of America,Region of the Americas of WHO,North America,2017,25,6/19/2017,6/25/2017,8745,8745,0,5,40,0,105,150,31,11,129,171,321,0,No Report
United States of America,Region of the Americas of WHO,North America,2017,26,6/26/2017,7/2/2017,7405,7405,0,4,36,0,92,132,21,4,97,122,254,0,No Report
United States of America,Region of the Americas of WHO,North America,2017,27,7/3/2017,7/9/2017,7449,7449,0,10,27,0,73,110,7,7,79,93,203,0,No Report
United States of America,Region of the Americas of WHO,North America,2017,28,7/10/2017,7/16/2017,7906,7906,0,4,31,0,89,124,9,5,75,89,213,0,No Report
United States of America,Region of the Americas of WHO,North America,2017,29,7/17/2017,7/23/2017,7551,7551,0,8,25,0,82,115,7,0,48,55,170,0,No Report
United States of America,Region of the Americas of WHO,North America,2017,30,7/24/2017,7/30/2017,7211,7211,0,7,30,0,72,109,21,1,53,75,184,0,No Report
United States of America,Region of the Americas of WHO,North America,2017,31,7/31/2017,8/6/2017,6779,6779,0,8,40,0,92,140,8,0,35,43,183,0,No Report
United States of America,Region of the Americas of WHO,North America,2017,32,8/7/2017,8/13/2017,7188,7188,0,4,43,0,73,120,20,0,61,81,201,0,No Report
United States of America,Region of the Americas of WHO,North America,2017,33,8/14/2017,8/20/2017,7808,7808,0,5,24,0,64,93,9,0,39,48,141,0,No Report
United States of America,Region of the Americas of WHO,North America,2017,34,8/21/2017,8/27/2017,8253,8253,0,6,51,0,72,129,8,0,41,49,178,0,No Report
United States of America,Region of the Americas of WHO,North America,2017,35,8/28/2017,9/3/2017,8794,8794,0,18,61,0,103,182,0,0,58,58,240,0,No Report
United States of America,Region of the Americas of WHO,North America,2017,36,9/4/2017,9/10/2017,10017,10017,0,11,101,0,109,221,10,0,63,73,294,0,No Report
United States of America,Region of the Americas of WHO,North America,2017,37,9/11/2017,9/17/2017,11439,11439,0,7,91,0,126,224,11,1,72,84,308,0,No Report
United States of America,Region of the Americas of WHO,North America,2017,38,9/18/2017,9/24/2017,11849,11849,0,2,73,0,116,191,9,1,67,77,268,0,No Report
United States of America,Region of the Americas of WHO,North America,2017,39,9/25/2017,10/1/2017,9598,9598,0,8,54,0,122,184,2,0,54,56,240,0,No Report
United States of America,Region of the Americas of WHO,North America,2017,40,10/2/2017,10/8/2017,16428,16428,0,13,121,0,230,364,16,0,118,134,498,0,No Report
United States of America,Region of the Americas of WHO,North America,2017,41,10/9/2017,10/15/2017,17428,17428,0,14,142,0,246,402,11,4,101,116,518,0,No Report
United States of America,Region of the Americas of WHO,North America,2017,42,10/16/2017,10/22/2017,18817,18817,0,14,173,0,278,465,11,1,112,124,589,0,No Report
United States of America,Region of the Americas of WHO,North America,2017,43,10/23/2017,10/29/2017,19150,19150,0,26,173,0,336,535,20,1,138,159,694,0,No Report
United States of America,Region of the Americas of WHO,North America,2017,44,10/30/2017,11/5/2017,21447,21447,0,23,240,0,505,768,32,3,240,275,1043,0,No Report
United States of America,Region of the Americas of WHO,North America,2017,45,11/6/2017,11/12/2017,22671,22671,0,28,314,0,682,1024,30,4,254,288,1312,0,No Report
United States of America,Region of the Americas of WHO,North America,2017,46,11/13/2017,11/19/2017,25379,25379,0,56,398,0,935,1389,59,4,346,409,1798,0,No Report
United States of America,Region of the Americas of WHO,North America,2017,47,11/20/2017,11/26/2017,24766,24766,0,41,482,0,1318,1841,58,5,344,407,2248,0,No Report
United States of America,Region of the Americas of WHO,North America,2017,48,11/27/2017,12/3/2017,28772,28772,0,61,752,0,1518,2331,95,8,439,542,2873,0,No Report
United States of America,Region of the Americas of WHO,North America,2017,49,12/4/2017,12/10/2017,30302,30302,0,68,960,0,2183,3211,86,14,549,649,3860,0,No Report
United States of America,Region of the Americas of WHO,North America,2017,50,12/11/2017,12/17/2017,37850,37850,0,127,1343,0,4430,5900,157,30,836,1023,6923,0,No Report
United States of America,Region of the Americas of WHO,North America,2017,51,12/18/2017,12/24/2017,50339,50339,0,209,2197,0,8772,11178,203,35,1729,1967,13145,0,No Report
United States of America,Region of the Americas of WHO,North America,2017,52,12/25/2017,12/31/2017,57805,57805,0,245,2530,0,11413,14188,302,28,2100,2430,16618,0,No Report
United States of America,Region of the Americas of WHO,North America,2018,1,1/1/2018,1/7/2018,63902,63902,0,254,2761,0,12211,15226,369,32,2537,2938,18164,0,No Report
United States of America,Region of the Americas of WHO,North America,2018,2,1/8/2018,1/14/2018,68108,68108,0,273,2681,0,13866,16820,348,27,3069,3444,20264,0,No Report
United States of America,Region of the Americas of WHO,North America,2018,3,1/15/2018,1/21/2018,64190,64190,0,255,1784,0,12798,14837,294,19,3396,3709,18546,0,No Report
United States of America,Region of the Americas of WHO,North America,2018,4,1/22/2018,1/28/2018,61860,61860,0,189,1017,0,11866,13072,201,13,3738,3952,17024,0,No Report
